,No, Name,Type,Total,HP,Attack,Defense,Sp.Atk,Sp.Def,Speed,Alog,Dlog,Kluster
0,1,Bulbasaur,Grass Poison,318,45,49,49,65,65,45,3.8918202981106265,3.8918202981106265,1
1,2,Ivysaur,Grass Poison,405,60,62,63,80,80,60,4.127134385045092,4.143134726391533,1
2,3,Venusaur,Grass Poison,525,80,82,83,100,100,80,4.406719247264253,4.418840607796598,0
3,3,Venusaur Mega Venusaur,Grass Poison,625,80,100,123,122,120,80,4.605170185988092,4.812184355372417,0
4,4,Charmander,Fire ,309,39,52,43,60,50,65,3.9512437185814275,3.7612001156935624,1
5,5,Charmeleon,Fire ,405,58,64,58,80,65,80,4.1588830833596715,4.060443010546419,1
6,6,Charizard,Fire Flying,534,78,84,78,109,85,100,4.430816798843313,4.356708826689592,0
7,6,Charizard Mega Charizard X,Fire Dragon,634,78,130,111,130,85,100,4.867534450455582,4.709530201312334,0
8,6,Charizard Mega Charizard Y,Fire Flying,634,78,104,78,159,115,100,4.6443908991413725,4.356708826689592,0
9,7,Squirtle,Water ,314,44,48,65,50,64,43,3.871201010907891,4.174387269895637,1
10,8,Wartortle,Water ,405,59,63,80,65,80,58,4.143134726391533,4.382026634673881,1
11,9,Blastoise,Water ,530,79,83,100,85,105,78,4.418840607796598,4.605170185988092,0
12,9,Blastoise Mega Blastoise,Water ,630,79,103,120,135,115,78,4.634728988229636,4.787491742782046,0
13,10,Caterpie,Bug ,195,45,30,35,20,20,45,3.4011973816621555,3.5553480614894135,2
14,11,Metapod,Bug ,205,50,20,55,25,25,30,2.995732273553991,4.007333185232471,2
15,12,Butterfree,Bug Flying,395,60,45,50,90,80,70,3.8066624897703196,3.912023005428146,1
16,13,Weedle,Bug Poison,195,40,35,30,20,20,50,3.5553480614894135,3.4011973816621555,2
17,14,Kakuna,Bug Poison,205,45,25,50,25,25,35,3.2188758248682006,3.912023005428146,2
18,15,Beedrill,Bug Poison,395,65,90,40,45,80,75,4.499809670330265,3.6888794541139363,1
19,15,Beedrill Mega Beedrill,Bug Poison,495,65,150,40,15,80,145,5.0106352940962555,3.6888794541139363,1
20,16,Pidgey,Normal Flying,251,40,45,40,35,35,56,3.8066624897703196,3.6888794541139363,1
21,17,Pidgeotto,Normal Flying,349,63,60,55,50,50,71,4.0943445622221,4.007333185232471,1
22,18,Pidgeot,Normal Flying,479,83,80,75,70,70,101,4.382026634673881,4.31748811353631,0
23,18,Pidgeot Mega Pidgeot,Normal Flying,579,83,80,80,135,80,121,4.382026634673881,4.382026634673881,0
24,19,Rattata,Normal ,253,30,56,35,25,35,72,4.02535169073515,3.5553480614894135,1
25,19,Rattata Alolan Rattata,Dark Normal,253,30,56,35,25,35,72,4.02535169073515,3.5553480614894135,1
26,20,Raticate,Normal ,413,55,81,60,50,70,97,4.394449154672439,4.0943445622221,1
27,20,Raticate Alolan Raticate,Dark Normal,413,75,71,70,40,80,77,4.2626798770413155,4.248495242049359,1
28,21,Spearow,Normal Flying,262,40,60,30,31,31,70,4.0943445622221,3.4011973816621555,1
29,22,Fearow,Normal Flying,442,65,90,65,61,61,100,4.499809670330265,4.174387269895637,0
30,23,Ekans,Poison ,288,35,60,44,40,54,55,4.0943445622221,3.784189633918261,1
31,24,Arbok,Poison ,448,60,95,69,65,79,80,4.553876891600541,4.23410650459726,0
32,25,Pikachu,Electric ,320,35,55,40,50,50,90,4.007333185232471,3.6888794541139363,1
33,25,Pikachu Partner Pikachu,Electric ,430,45,80,50,75,60,120,4.382026634673881,3.912023005428146,1
34,26,Raichu,Electric ,485,60,90,55,90,80,110,4.499809670330265,4.007333185232471,1
35,26,Raichu Alolan Raichu,Electric Psychic,485,60,85,50,95,85,110,4.442651256490317,3.912023005428146,1
36,27,Sandshrew,Ground ,300,50,75,85,20,30,40,4.31748811353631,4.442651256490317,0
37,27,Sandshrew Alolan Sandshrew,Ice Steel,300,50,75,90,10,35,40,4.31748811353631,4.499809670330265,0
38,28,Sandslash,Ground ,450,75,100,110,45,55,65,4.605170185988092,4.700480365792417,0
39,28,Sandslash Alolan Sandslash,Ice Steel,450,75,100,120,25,65,65,4.605170185988092,4.787491742782046,0
40,29,Nidoran♀,Poison ,275,55,47,52,40,40,41,3.8501476017100584,3.9512437185814275,1
41,30,Nidorina,Poison ,365,70,62,67,55,55,56,4.127134385045092,4.204692619390966,1
42,31,Nidoqueen,Poison Ground,505,90,92,87,75,85,76,4.5217885770490405,4.465908118654584,0
43,32,Nidoran♂,Poison ,273,46,57,40,40,40,50,4.04305126783455,3.6888794541139363,1
44,33,Nidorino,Poison ,365,61,72,57,55,55,65,4.276666119016055,4.04305126783455,1
45,34,Nidoking,Poison Ground,505,81,102,77,85,75,85,4.624972813284271,4.343805421853684,0
46,35,Clefairy,Fairy ,323,70,45,48,60,65,35,3.8066624897703196,3.871201010907891,1
47,36,Clefable,Fairy ,483,95,70,73,95,90,60,4.248495242049359,4.290459441148391,1
48,37,Vulpix,Fire ,299,38,41,40,50,65,65,3.713572066704308,3.6888794541139363,2
49,37,Vulpix Alolan Vulpix,Ice ,299,38,41,40,50,65,65,3.713572066704308,3.6888794541139363,2
50,38,Ninetales,Fire ,505,73,76,75,81,100,100,4.330733340286331,4.31748811353631,0
51,38,Ninetales Alolan Ninetales,Ice Fairy,505,73,67,75,81,100,109,4.204692619390966,4.31748811353631,1
52,39,Jigglypuff,Normal Fairy,270,115,45,20,45,25,20,3.8066624897703196,2.995732273553991,2
53,40,Wigglytuff,Normal Fairy,435,140,70,45,85,50,45,4.248495242049359,3.8066624897703196,1
54,41,Zubat,Poison Flying,245,40,45,35,30,40,55,3.8066624897703196,3.5553480614894135,2
55,42,Golbat,Poison Flying,455,75,80,70,65,75,90,4.382026634673881,4.248495242049359,0
56,43,Oddish,Grass Poison,320,45,50,55,75,65,30,3.912023005428146,4.007333185232471,1
57,44,Gloom,Grass Poison,395,60,65,70,85,75,40,4.174387269895637,4.248495242049359,1
58,45,Vileplume,Grass Poison,490,75,80,85,110,90,50,4.382026634673881,4.442651256490317,0
59,46,Paras,Bug Grass,285,35,70,55,45,55,25,4.248495242049359,4.007333185232471,1
60,47,Parasect,Bug Grass,405,60,95,80,60,80,30,4.553876891600541,4.382026634673881,0
61,48,Venonat,Bug Poison,305,60,55,50,40,55,45,4.007333185232471,3.912023005428146,1
62,49,Venomoth,Bug Poison,450,70,65,60,90,75,90,4.174387269895637,4.0943445622221,1
63,50,Diglett,Ground ,265,10,55,25,35,45,95,4.007333185232471,3.2188758248682006,2
64,50,Diglett Alolan Diglett,Ground Steel,265,10,55,30,35,45,90,4.007333185232471,3.4011973816621555,1
65,51,Dugtrio,Ground ,425,35,100,50,50,70,120,4.605170185988092,3.912023005428146,1
66,51,Dugtrio Alolan Dugtrio,Ground Steel,425,35,100,60,50,70,110,4.605170185988092,4.0943445622221,0
67,52,Meowth,Normal ,290,40,45,35,40,40,90,3.8066624897703196,3.5553480614894135,2
68,52,Meowth Alolan Meowth,Dark ,290,40,35,35,50,40,90,3.5553480614894135,3.5553480614894135,2
69,52,Meowth Galarian Meowth,Steel ,290,50,65,55,40,40,40,4.174387269895637,4.007333185232471,1
70,53,Persian,Normal ,440,65,70,60,65,65,115,4.248495242049359,4.0943445622221,1
71,53,Persian Alolan Persian,Dark ,440,65,60,60,75,65,115,4.0943445622221,4.0943445622221,1
72,54,Psyduck,Water ,320,50,52,48,65,50,55,3.9512437185814275,3.871201010907891,1
73,55,Golduck,Water ,500,80,82,78,95,80,85,4.406719247264253,4.356708826689592,0
74,56,Mankey,Fighting ,305,40,80,35,35,45,70,4.382026634673881,3.5553480614894135,1
75,57,Primeape,Fighting ,455,65,105,60,60,70,95,4.653960350157523,4.0943445622221,0
76,58,Growlithe,Fire ,350,55,70,45,70,50,60,4.248495242049359,3.8066624897703196,1
77,59,Arcanine,Fire ,555,90,110,80,100,80,95,4.700480365792417,4.382026634673881,0
78,60,Poliwag,Water ,300,40,50,40,40,40,90,3.912023005428146,3.6888794541139363,1
79,61,Poliwhirl,Water ,385,65,65,65,50,50,90,4.174387269895637,4.174387269895637,1
80,62,Poliwrath,Water Fighting,510,90,95,95,70,90,70,4.553876891600541,4.553876891600541,0
81,63,Abra,Psychic ,310,25,20,15,105,55,90,2.995732273553991,2.70805020110221,2
82,64,Kadabra,Psychic ,400,40,35,30,120,70,105,3.5553480614894135,3.4011973816621555,2
83,65,Alakazam,Psychic ,500,55,50,45,135,95,120,3.912023005428146,3.8066624897703196,1
84,65,Alakazam Mega Alakazam,Psychic ,600,55,50,65,175,105,150,3.912023005428146,4.174387269895637,1
85,66,Machop,Fighting ,305,70,80,50,35,35,35,4.382026634673881,3.912023005428146,1
86,67,Machoke,Fighting ,405,80,100,70,50,60,45,4.605170185988092,4.248495242049359,0
87,68,Machamp,Fighting ,505,90,130,80,65,85,55,4.867534450455582,4.382026634673881,0
88,69,Bellsprout,Grass Poison,300,50,75,35,70,30,40,4.31748811353631,3.5553480614894135,1
89,70,Weepinbell,Grass Poison,390,65,90,50,85,45,55,4.499809670330265,3.912023005428146,1
90,71,Victreebel,Grass Poison,490,80,105,65,100,70,70,4.653960350157523,4.174387269895637,0
91,72,Tentacool,Water Poison,335,40,40,35,50,100,70,3.6888794541139363,3.5553480614894135,2
92,73,Tentacruel,Water Poison,515,80,70,65,80,120,100,4.248495242049359,4.174387269895637,1
93,74,Geodude,Rock Ground,300,40,80,100,30,30,20,4.382026634673881,4.605170185988092,0
94,74,Geodude Alolan Geodude,Rock Electric,300,40,80,100,30,30,20,4.382026634673881,4.605170185988092,0
95,75,Graveler,Rock Ground,390,55,95,115,45,45,35,4.553876891600541,4.74493212836325,0
96,75,Graveler Alolan Graveler,Rock Electric,390,55,95,115,45,45,35,4.553876891600541,4.74493212836325,0
97,76,Golem,Rock Ground,495,80,120,130,55,65,45,4.787491742782046,4.867534450455582,0
98,76,Golem Alolan Golem,Rock Electric,495,80,120,130,55,65,45,4.787491742782046,4.867534450455582,0
99,77,Ponyta,Fire ,410,50,85,55,65,65,90,4.442651256490317,4.007333185232471,1
100,77,Ponyta Galarian Ponyta,Psychic ,410,50,85,55,65,65,90,4.442651256490317,4.007333185232471,1
101,78,Rapidash,Fire ,500,65,100,70,80,80,105,4.605170185988092,4.248495242049359,0
102,78,Rapidash Galarian Rapidash,Psychic Fairy,500,65,100,70,80,80,105,4.605170185988092,4.248495242049359,0
103,79,Slowpoke,Water Psychic,315,90,65,65,40,40,15,4.174387269895637,4.174387269895637,1
104,79,Slowpoke Galarian Slowpoke,Psychic ,315,90,65,65,40,40,15,4.174387269895637,4.174387269895637,1
105,80,Slowbro,Water Psychic,490,95,75,110,100,80,30,4.31748811353631,4.700480365792417,0
106,80,Slowbro Mega Slowbro,Water Psychic,590,95,75,180,130,80,30,4.31748811353631,5.19295685089021,0
107,80,Slowbro Galarian Slowbro,Poison Psychic,490,95,100,95,100,70,30,4.605170185988092,4.553876891600541,0
108,81,Magnemite,Electric Steel,325,25,35,70,95,55,45,3.5553480614894135,4.248495242049359,1
109,82,Magneton,Electric Steel,465,50,60,95,120,70,70,4.0943445622221,4.553876891600541,0
110,83,Farfetch'd,Normal Flying,377,52,90,55,58,62,60,4.499809670330265,4.007333185232471,1
111,83,Farfetch'd Galarian Farfetch'd,Fighting ,377,52,95,55,58,62,55,4.553876891600541,4.007333185232471,1
112,84,Doduo,Normal Flying,310,35,85,45,35,35,75,4.442651256490317,3.8066624897703196,1
113,85,Dodrio,Normal Flying,470,60,110,70,60,60,110,4.700480365792417,4.248495242049359,0
114,86,Seel,Water ,325,65,45,55,45,70,45,3.8066624897703196,4.007333185232471,1
115,87,Dewgong,Water Ice,475,90,70,80,70,95,70,4.248495242049359,4.382026634673881,0
116,88,Grimer,Poison ,325,80,80,50,40,50,25,4.382026634673881,3.912023005428146,1
117,88,Grimer Alolan Grimer,Poison Dark,325,80,80,50,40,50,25,4.382026634673881,3.912023005428146,1
118,89,Muk,Poison ,500,105,105,75,65,100,50,4.653960350157523,4.31748811353631,0
119,89,Muk Alolan Muk,Poison Dark,500,105,105,75,65,100,50,4.653960350157523,4.31748811353631,0
120,90,Shellder,Water ,305,30,65,100,45,25,40,4.174387269895637,4.605170185988092,0
121,91,Cloyster,Water Ice,525,50,95,180,85,45,70,4.553876891600541,5.19295685089021,0
122,92,Gastly,Ghost Poison,310,30,35,30,100,35,80,3.5553480614894135,3.4011973816621555,2
123,93,Haunter,Ghost Poison,405,45,50,45,115,55,95,3.912023005428146,3.8066624897703196,1
124,94,Gengar,Ghost Poison,500,60,65,60,130,75,110,4.174387269895637,4.0943445622221,1
125,94,Gengar Mega Gengar,Ghost Poison,600,60,65,80,170,95,130,4.174387269895637,4.382026634673881,1
126,95,Onix,Rock Ground,385,35,45,160,30,45,70,3.8066624897703196,5.075173815233827,0
127,96,Drowzee,Psychic ,328,60,48,45,43,90,42,3.871201010907891,3.8066624897703196,1
128,97,Hypno,Psychic ,483,85,73,70,73,115,67,4.290459441148391,4.248495242049359,1
129,98,Krabby,Water ,325,30,105,90,25,25,50,4.653960350157523,4.499809670330265,0
130,99,Kingler,Water ,475,55,130,115,50,50,75,4.867534450455582,4.74493212836325,0
131,100,Voltorb,Electric ,330,40,30,50,55,55,100,3.4011973816621555,3.912023005428146,2
132,101,Electrode,Electric ,490,60,50,70,80,80,150,3.912023005428146,4.248495242049359,1
133,102,Exeggcute,Grass Psychic,325,60,40,80,60,45,40,3.6888794541139363,4.382026634673881,1
134,103,Exeggutor,Grass Psychic,530,95,95,85,125,75,55,4.553876891600541,4.442651256490317,0
135,103,Exeggutor Alolan Exeggutor,Grass Dragon,530,95,105,85,125,75,45,4.653960350157523,4.442651256490317,0
136,104,Cubone,Ground ,320,50,50,95,40,50,35,3.912023005428146,4.553876891600541,1
137,105,Marowak,Ground ,425,60,80,110,50,80,45,4.382026634673881,4.700480365792417,0
138,105,Marowak Alolan Marowak,Fire Ghost,425,60,80,110,50,80,45,4.382026634673881,4.700480365792417,0
139,106,Hitmonlee,Fighting ,455,50,120,53,35,110,87,4.787491742782046,3.970291913552122,0
140,107,Hitmonchan,Fighting ,455,50,105,79,35,110,76,4.653960350157523,4.3694478524670215,0
141,108,Lickitung,Normal ,385,90,55,75,60,75,30,4.007333185232471,4.31748811353631,1
142,109,Koffing,Poison ,340,40,65,95,60,45,35,4.174387269895637,4.553876891600541,0
143,110,Weezing,Poison ,490,65,90,120,85,70,60,4.499809670330265,4.787491742782046,0
144,110,Weezing Galarian Weezing,Poison Fairy,490,65,90,120,85,70,60,4.499809670330265,4.787491742782046,0
145,111,Rhyhorn,Ground Rock,345,80,85,95,30,30,25,4.442651256490317,4.553876891600541,0
146,112,Rhydon,Ground Rock,485,105,130,120,45,45,40,4.867534450455582,4.787491742782046,0
147,113,Chansey,Normal ,450,250,5,5,35,105,50,1.6094379124341003,1.6094379124341003,2
148,114,Tangela,Grass ,435,65,55,115,100,40,60,4.007333185232471,4.74493212836325,0
149,115,Kangaskhan,Normal ,490,105,95,80,40,80,90,4.553876891600541,4.382026634673881,0
150,115,Kangaskhan Mega Kangaskhan,Normal ,590,105,125,100,60,100,100,4.8283137373023015,4.605170185988092,0
151,116,Horsea,Water ,295,30,40,70,70,25,60,3.6888794541139363,4.248495242049359,1
152,117,Seadra,Water ,440,55,65,95,95,45,85,4.174387269895637,4.553876891600541,0
153,118,Goldeen,Water ,320,45,67,60,35,50,63,4.204692619390966,4.0943445622221,1
154,119,Seaking,Water ,450,80,92,65,65,80,68,4.5217885770490405,4.174387269895637,0
155,120,Staryu,Water ,340,30,45,55,70,55,85,3.8066624897703196,4.007333185232471,1
156,121,Starmie,Water Psychic,520,60,75,85,100,85,115,4.31748811353631,4.442651256490317,0
157,122,Mr. Mime,Psychic Fairy,460,40,45,65,100,120,90,3.8066624897703196,4.174387269895637,1
158,122,Mr. Mime Galarian Mr. Mime,Psychic Ice,460,50,65,65,90,90,100,4.174387269895637,4.174387269895637,1
159,123,Scyther,Bug Flying,500,70,110,80,55,80,105,4.700480365792417,4.382026634673881,0
160,124,Jynx,Ice Psychic,455,65,50,35,115,95,95,3.912023005428146,3.5553480614894135,1
161,125,Electabuzz,Electric ,490,65,83,57,95,85,105,4.418840607796598,4.04305126783455,1
162,126,Magmar,Fire ,495,65,95,57,100,85,93,4.553876891600541,4.04305126783455,1
163,127,Pinsir,Bug ,500,65,125,100,55,70,85,4.8283137373023015,4.605170185988092,0
164,127,Pinsir Mega Pinsir,Bug Flying,600,65,155,120,65,90,105,5.043425116919247,4.787491742782046,0
165,128,Tauros,Normal ,490,75,100,95,40,70,110,4.605170185988092,4.553876891600541,0
166,129,Magikarp,Water ,200,20,10,55,15,20,80,2.302585092994046,4.007333185232471,2
167,130,Gyarados,Water Flying,540,95,125,79,60,100,81,4.8283137373023015,4.3694478524670215,0
168,130,Gyarados Mega Gyarados,Water Dark,640,95,155,109,70,130,81,5.043425116919247,4.6913478822291435,0
169,131,Lapras,Water Ice,535,130,85,80,85,95,60,4.442651256490317,4.382026634673881,0
170,132,Ditto,Normal ,288,48,48,48,48,48,48,3.871201010907891,3.871201010907891,1
171,133,Eevee,Normal ,325,55,55,50,45,65,55,4.007333185232471,3.912023005428146,1
172,133,Eevee Partner Eevee,Normal ,435,65,75,70,65,85,75,4.31748811353631,4.248495242049359,1
173,134,Vaporeon,Water ,525,130,65,60,110,95,65,4.174387269895637,4.0943445622221,1
174,135,Jolteon,Electric ,525,65,65,60,110,95,130,4.174387269895637,4.0943445622221,1
175,136,Flareon,Fire ,525,65,130,60,95,110,65,4.867534450455582,4.0943445622221,0
176,137,Porygon,Normal ,395,65,60,70,85,75,40,4.0943445622221,4.248495242049359,1
177,138,Omanyte,Rock Water,355,35,40,100,90,55,35,3.6888794541139363,4.605170185988092,1
178,139,Omastar,Rock Water,495,70,60,125,115,70,55,4.0943445622221,4.8283137373023015,0
179,140,Kabuto,Rock Water,355,30,80,90,55,45,55,4.382026634673881,4.499809670330265,0
180,141,Kabutops,Rock Water,495,60,115,105,65,70,80,4.74493212836325,4.653960350157523,0
181,142,Aerodactyl,Rock Flying,515,80,105,65,60,75,130,4.653960350157523,4.174387269895637,0
182,142,Aerodactyl Mega Aerodactyl,Rock Flying,615,80,135,85,70,95,150,4.90527477843843,4.442651256490317,0
183,143,Snorlax,Normal ,540,160,110,65,65,110,30,4.700480365792417,4.174387269895637,0
184,144,Articuno,Ice Flying,580,90,85,100,95,125,85,4.442651256490317,4.605170185988092,0
185,144,Articuno Galarian Articuno,Psychic Flying,580,90,85,85,125,100,95,4.442651256490317,4.442651256490317,0
186,145,Zapdos,Electric Flying,580,90,90,85,125,90,100,4.499809670330265,4.442651256490317,0
187,145,Zapdos Galarian Zapdos,Fighting Flying,580,90,125,90,85,90,100,4.8283137373023015,4.499809670330265,0
188,146,Moltres,Fire Flying,580,90,100,90,125,85,90,4.605170185988092,4.499809670330265,0
189,146,Moltres Galarian Moltres,Dark Flying,580,90,85,90,100,125,90,4.442651256490317,4.499809670330265,0
190,147,Dratini,Dragon ,300,41,64,45,50,50,50,4.1588830833596715,3.8066624897703196,1
191,148,Dragonair,Dragon ,420,61,84,65,70,70,70,4.430816798843313,4.174387269895637,1
192,149,Dragonite,Dragon Flying,600,91,134,95,100,100,80,4.897839799950911,4.553876891600541,0
193,150,Mewtwo,Psychic ,680,106,110,90,154,90,130,4.700480365792417,4.499809670330265,0
194,150,Mewtwo Mega Mewtwo X,Psychic Fighting,780,106,190,100,154,100,130,5.247024072160486,4.605170185988092,0
195,150,Mewtwo Mega Mewtwo Y,Psychic ,780,106,150,70,194,120,140,5.0106352940962555,4.248495242049359,0
196,151,Mew,Psychic ,600,100,100,100,100,100,100,4.605170185988092,4.605170185988092,0
197,152,Chikorita,Grass ,318,45,49,65,49,65,45,3.8918202981106265,4.174387269895637,1
198,153,Bayleef,Grass ,405,60,62,80,63,80,60,4.127134385045092,4.382026634673881,1
199,154,Meganium,Grass ,525,80,82,100,83,100,80,4.406719247264253,4.605170185988092,0
200,155,Cyndaquil,Fire ,309,39,52,43,60,50,65,3.9512437185814275,3.7612001156935624,1
201,156,Quilava,Fire ,405,58,64,58,80,65,80,4.1588830833596715,4.060443010546419,1
202,157,Typhlosion,Fire ,534,78,84,78,109,85,100,4.430816798843313,4.356708826689592,0
203,158,Totodile,Water ,314,50,65,64,44,48,43,4.174387269895637,4.1588830833596715,1
204,159,Croconaw,Water ,405,65,80,80,59,63,58,4.382026634673881,4.382026634673881,0
205,160,Feraligatr,Water ,530,85,105,100,79,83,78,4.653960350157523,4.605170185988092,0
206,161,Sentret,Normal ,215,35,46,34,35,45,20,3.828641396489095,3.5263605246161616,2
207,162,Furret,Normal ,415,85,76,64,45,55,90,4.330733340286331,4.1588830833596715,1
208,163,Hoothoot,Normal Flying,262,60,30,30,36,56,50,3.4011973816621555,3.4011973816621555,2
209,164,Noctowl,Normal Flying,452,100,50,50,86,96,70,3.912023005428146,3.912023005428146,1
210,165,Ledyba,Bug Flying,265,40,20,30,40,80,55,2.995732273553991,3.4011973816621555,2
211,166,Ledian,Bug Flying,390,55,35,50,55,110,85,3.5553480614894135,3.912023005428146,2
212,167,Spinarak,Bug Poison,250,40,60,40,40,40,30,4.0943445622221,3.6888794541139363,1
213,168,Ariados,Bug Poison,400,70,90,70,60,70,40,4.499809670330265,4.248495242049359,0
214,169,Crobat,Poison Flying,535,85,90,80,70,80,130,4.499809670330265,4.382026634673881,0
215,170,Chinchou,Water Electric,330,75,38,38,56,56,67,3.6375861597263857,3.6375861597263857,2
216,171,Lanturn,Water Electric,460,125,58,58,76,76,67,4.060443010546419,4.060443010546419,1
217,172,Pichu,Electric ,205,20,40,15,35,35,60,3.6888794541139363,2.70805020110221,2
218,173,Cleffa,Fairy ,218,50,25,28,45,55,15,3.2188758248682006,3.332204510175204,2
219,174,Igglybuff,Normal Fairy,210,90,30,15,40,20,15,3.4011973816621555,2.70805020110221,2
220,175,Togepi,Fairy ,245,35,20,65,40,65,20,2.995732273553991,4.174387269895637,2
221,176,Togetic,Fairy Flying,405,55,40,85,80,105,40,3.6888794541139363,4.442651256490317,1
222,177,Natu,Psychic Flying,320,40,50,45,70,45,70,3.912023005428146,3.8066624897703196,1
223,178,Xatu,Psychic Flying,470,65,75,70,95,70,95,4.31748811353631,4.248495242049359,1
224,179,Mareep,Electric ,280,55,40,40,65,45,35,3.6888794541139363,3.6888794541139363,2
225,180,Flaaffy,Electric ,365,70,55,55,80,60,45,4.007333185232471,4.007333185232471,1
226,181,Ampharos,Electric ,510,90,75,85,115,90,55,4.31748811353631,4.442651256490317,0
227,181,Ampharos Mega Ampharos,Electric Dragon,610,90,95,105,165,110,45,4.553876891600541,4.653960350157523,0
228,182,Bellossom,Grass ,490,75,80,95,90,100,50,4.382026634673881,4.553876891600541,0
229,183,Marill,Water Fairy,250,70,20,50,20,50,40,2.995732273553991,3.912023005428146,2
230,184,Azumarill,Water Fairy,420,100,50,80,60,80,50,3.912023005428146,4.382026634673881,1
231,185,Sudowoodo,Rock ,410,70,100,115,30,65,30,4.605170185988092,4.74493212836325,0
232,186,Politoed,Water ,500,90,75,75,90,100,70,4.31748811353631,4.31748811353631,0
233,187,Hoppip,Grass Flying,250,35,35,40,35,55,50,3.5553480614894135,3.6888794541139363,2
234,188,Skiploom,Grass Flying,340,55,45,50,45,65,80,3.8066624897703196,3.912023005428146,1
235,189,Jumpluff,Grass Flying,460,75,55,70,55,95,110,4.007333185232471,4.248495242049359,1
236,190,Aipom,Normal ,360,55,70,55,40,55,85,4.248495242049359,4.007333185232471,1
237,191,Sunkern,Grass ,180,30,30,30,30,30,30,3.4011973816621555,3.4011973816621555,2
238,192,Sunflora,Grass ,425,75,75,55,105,85,30,4.31748811353631,4.007333185232471,1
239,193,Yanma,Bug Flying,390,65,65,45,75,45,95,4.174387269895637,3.8066624897703196,1
240,194,Wooper,Water Ground,210,55,45,45,25,25,15,3.8066624897703196,3.8066624897703196,1
241,195,Quagsire,Water Ground,430,95,85,85,65,65,35,4.442651256490317,4.442651256490317,0
242,196,Espeon,Psychic ,525,65,65,60,130,95,110,4.174387269895637,4.0943445622221,1
243,197,Umbreon,Dark ,525,95,65,110,60,130,65,4.174387269895637,4.700480365792417,0
244,198,Murkrow,Dark Flying,405,60,85,42,85,42,91,4.442651256490317,3.7376696182833684,1
245,199,Slowking,Water Psychic,490,95,75,80,100,110,30,4.31748811353631,4.382026634673881,0
246,199,Slowking Galarian Slowking,Poison Psychic,490,95,65,80,110,110,30,4.174387269895637,4.382026634673881,1
247,200,Misdreavus,Ghost ,435,60,60,60,85,85,85,4.0943445622221,4.0943445622221,1
248,201,Unown,Psychic ,336,48,72,48,72,48,48,4.276666119016055,3.871201010907891,1
249,202,Wobbuffet,Psychic ,405,190,33,58,33,58,33,3.4965075614664802,4.060443010546419,2
250,203,Girafarig,Normal Psychic,455,70,80,65,90,65,85,4.382026634673881,4.174387269895637,1
251,204,Pineco,Bug ,290,50,65,90,35,35,15,4.174387269895637,4.499809670330265,0
252,205,Forretress,Bug Steel,465,75,90,140,60,60,40,4.499809670330265,4.941642422609304,0
253,206,Dunsparce,Normal ,415,100,70,70,65,65,45,4.248495242049359,4.248495242049359,1
254,207,Gligar,Ground Flying,430,65,75,105,35,65,85,4.31748811353631,4.653960350157523,0
255,208,Steelix,Steel Ground,510,75,85,200,55,65,30,4.442651256490317,5.298317366548036,0
256,208,Steelix Mega Steelix,Steel Ground,610,75,125,230,55,95,30,4.8283137373023015,5.438079308923196,0
257,209,Snubbull,Fairy ,300,60,80,50,40,40,30,4.382026634673881,3.912023005428146,1
258,210,Granbull,Fairy ,450,90,120,75,60,60,45,4.787491742782046,4.31748811353631,0
259,211,Qwilfish,Water Poison,440,65,95,85,55,55,85,4.553876891600541,4.442651256490317,0
260,212,Scizor,Bug Steel,500,70,130,100,55,80,65,4.867534450455582,4.605170185988092,0
261,212,Scizor Mega Scizor,Bug Steel,600,70,150,140,65,100,75,5.0106352940962555,4.941642422609304,0
262,213,Shuckle,Bug Rock,505,20,10,230,10,230,5,2.302585092994046,5.438079308923196,2
263,214,Heracross,Bug Fighting,500,80,125,75,40,95,85,4.8283137373023015,4.31748811353631,0
264,214,Heracross Mega Heracross,Bug Fighting,600,80,185,115,40,105,75,5.220355825078324,4.74493212836325,0
265,215,Sneasel,Dark Ice,430,55,95,55,35,75,115,4.553876891600541,4.007333185232471,1
266,216,Teddiursa,Normal ,330,60,80,50,50,50,40,4.382026634673881,3.912023005428146,1
267,217,Ursaring,Normal ,500,90,130,75,75,75,55,4.867534450455582,4.31748811353631,0
268,218,Slugma,Fire ,250,40,40,40,70,40,20,3.6888794541139363,3.6888794541139363,2
269,219,Magcargo,Fire Rock,430,60,50,120,90,80,30,3.912023005428146,4.787491742782046,0
270,220,Swinub,Ice Ground,250,50,50,40,30,30,50,3.912023005428146,3.6888794541139363,1
271,221,Piloswine,Ice Ground,450,100,100,80,60,60,50,4.605170185988092,4.382026634673881,0
272,222,Corsola,Water Rock,410,65,55,95,65,95,35,4.007333185232471,4.553876891600541,0
273,222,Corsola Galarian Corsola,Ghost ,410,60,55,100,65,100,30,4.007333185232471,4.605170185988092,0
274,223,Remoraid,Water ,300,35,65,35,65,35,65,4.174387269895637,3.5553480614894135,1
275,224,Octillery,Water ,480,75,105,75,105,75,45,4.653960350157523,4.31748811353631,0
276,225,Delibird,Ice Flying,330,45,55,45,65,45,75,4.007333185232471,3.8066624897703196,1
277,226,Mantine,Water Flying,485,85,40,70,80,140,70,3.6888794541139363,4.248495242049359,1
278,227,Skarmory,Steel Flying,465,65,80,140,40,70,70,4.382026634673881,4.941642422609304,0
279,228,Houndour,Dark Fire,330,45,60,30,80,50,65,4.0943445622221,3.4011973816621555,1
280,229,Houndoom,Dark Fire,500,75,90,50,110,80,95,4.499809670330265,3.912023005428146,1
281,229,Houndoom Mega Houndoom,Dark Fire,600,75,90,90,140,90,115,4.499809670330265,4.499809670330265,0
282,230,Kingdra,Water Dragon,540,75,95,95,95,95,85,4.553876891600541,4.553876891600541,0
283,231,Phanpy,Ground ,330,90,60,60,40,40,40,4.0943445622221,4.0943445622221,1
284,232,Donphan,Ground ,500,90,120,120,60,60,50,4.787491742782046,4.787491742782046,0
285,233,Porygon2,Normal ,515,85,80,90,105,95,60,4.382026634673881,4.499809670330265,0
286,234,Stantler,Normal ,465,73,95,62,85,65,85,4.553876891600541,4.127134385045092,0
287,235,Smeargle,Normal ,250,55,20,35,20,45,75,2.995732273553991,3.5553480614894135,2
288,236,Tyrogue,Fighting ,210,35,35,35,35,35,35,3.5553480614894135,3.5553480614894135,2
289,237,Hitmontop,Fighting ,455,50,95,95,35,110,70,4.553876891600541,4.553876891600541,0
290,238,Smoochum,Ice Psychic,305,45,30,15,85,65,65,3.4011973816621555,2.70805020110221,2
291,239,Elekid,Electric ,360,45,63,37,65,55,95,4.143134726391533,3.6109179126442243,1
292,240,Magby,Fire ,365,45,75,37,70,55,83,4.31748811353631,3.6109179126442243,1
293,241,Miltank,Normal ,490,95,80,105,40,70,100,4.382026634673881,4.653960350157523,0
294,242,Blissey,Normal ,540,255,10,10,75,135,55,2.302585092994046,2.302585092994046,2
295,243,Raikou,Electric ,580,90,85,75,115,100,115,4.442651256490317,4.31748811353631,0
296,244,Entei,Fire ,580,115,115,85,90,75,100,4.74493212836325,4.442651256490317,0
297,245,Suicune,Water ,580,100,75,115,90,115,85,4.31748811353631,4.74493212836325,0
298,246,Larvitar,Rock Ground,300,50,64,50,45,50,41,4.1588830833596715,3.912023005428146,1
299,247,Pupitar,Rock Ground,410,70,84,70,65,70,51,4.430816798843313,4.248495242049359,0
300,248,Tyranitar,Rock Dark,600,100,134,110,95,100,61,4.897839799950911,4.700480365792417,0
301,248,Tyranitar Mega Tyranitar,Rock Dark,700,100,164,150,95,120,71,5.099866427824199,5.0106352940962555,0
302,249,Lugia,Psychic Flying,680,106,90,130,90,154,110,4.499809670330265,4.867534450455582,0
303,250,Ho-oh,Fire Flying,680,106,130,90,110,154,90,4.867534450455582,4.499809670330265,0
304,251,Celebi,Psychic Grass,600,100,100,100,100,100,100,4.605170185988092,4.605170185988092,0
305,252,Treecko,Grass ,310,40,45,35,65,55,70,3.8066624897703196,3.5553480614894135,2
306,253,Grovyle,Grass ,405,50,65,45,85,65,95,4.174387269895637,3.8066624897703196,1
307,254,Sceptile,Grass ,530,70,85,65,105,85,120,4.442651256490317,4.174387269895637,1
308,254,Sceptile Mega Sceptile,Grass Dragon,630,70,110,75,145,85,145,4.700480365792417,4.31748811353631,0
309,255,Torchic,Fire ,310,45,60,40,70,50,45,4.0943445622221,3.6888794541139363,1
310,256,Combusken,Fire Fighting,405,60,85,60,85,60,55,4.442651256490317,4.0943445622221,1
311,257,Blaziken,Fire Fighting,530,80,120,70,110,70,80,4.787491742782046,4.248495242049359,0
312,257,Blaziken Mega Blaziken,Fire Fighting,630,80,160,80,130,80,100,5.075173815233827,4.382026634673881,0
313,258,Mudkip,Water ,310,50,70,50,50,50,40,4.248495242049359,3.912023005428146,1
314,259,Marshtomp,Water Ground,405,70,85,70,60,70,50,4.442651256490317,4.248495242049359,0
315,260,Swampert,Water Ground,535,100,110,90,85,90,60,4.700480365792417,4.499809670330265,0
316,260,Swampert Mega Swampert,Water Ground,635,100,150,110,95,110,70,5.0106352940962555,4.700480365792417,0
317,261,Poochyena,Dark ,220,35,55,35,30,30,35,4.007333185232471,3.5553480614894135,1
318,262,Mightyena,Dark ,420,70,90,70,60,60,70,4.499809670330265,4.248495242049359,0
319,263,Zigzagoon,Normal ,240,38,30,41,30,41,60,3.4011973816621555,3.713572066704308,2
320,263,Zigzagoon Galarian Zigzagoon,Dark Normal,240,38,30,41,30,41,60,3.4011973816621555,3.713572066704308,2
321,264,Linoone,Normal ,420,78,70,61,50,61,100,4.248495242049359,4.110873864173311,1
322,264,Linoone Galarian Linoone,Dark Normal,420,78,70,61,50,61,100,4.248495242049359,4.110873864173311,1
323,265,Wurmple,Bug ,195,45,45,35,20,30,20,3.8066624897703196,3.5553480614894135,2
324,266,Silcoon,Bug ,205,50,35,55,25,25,15,3.5553480614894135,4.007333185232471,2
325,267,Beautifly,Bug Flying,395,60,70,50,100,50,65,4.248495242049359,3.912023005428146,1
326,268,Cascoon,Bug ,205,50,35,55,25,25,15,3.5553480614894135,4.007333185232471,2
327,269,Dustox,Bug Poison,385,60,50,70,50,90,65,3.912023005428146,4.248495242049359,1
328,270,Lotad,Water Grass,220,40,30,30,40,50,30,3.4011973816621555,3.4011973816621555,2
329,271,Lombre,Water Grass,340,60,50,50,60,70,50,3.912023005428146,3.912023005428146,1
330,272,Ludicolo,Water Grass,480,80,70,70,90,100,70,4.248495242049359,4.248495242049359,1
331,273,Seedot,Grass ,220,40,40,50,30,30,30,3.6888794541139363,3.912023005428146,1
332,274,Nuzleaf,Grass Dark,340,70,70,40,60,40,60,4.248495242049359,3.6888794541139363,1
333,275,Shiftry,Grass Dark,480,90,100,60,90,60,80,4.605170185988092,4.0943445622221,0
334,276,Taillow,Normal Flying,270,40,55,30,30,30,85,4.007333185232471,3.4011973816621555,1
335,277,Swellow,Normal Flying,455,60,85,60,75,50,125,4.442651256490317,4.0943445622221,1
336,278,Wingull,Water Flying,270,40,30,30,55,30,85,3.4011973816621555,3.4011973816621555,2
337,279,Pelipper,Water Flying,440,60,50,100,95,70,65,3.912023005428146,4.605170185988092,0
338,280,Ralts,Psychic Fairy,198,28,25,25,45,35,40,3.2188758248682006,3.2188758248682006,2
339,281,Kirlia,Psychic Fairy,278,38,35,35,65,55,50,3.5553480614894135,3.5553480614894135,2
340,282,Gardevoir,Psychic Fairy,518,68,65,65,125,115,80,4.174387269895637,4.174387269895637,1
341,282,Gardevoir Mega Gardevoir,Psychic Fairy,618,68,85,65,165,135,100,4.442651256490317,4.174387269895637,1
342,283,Surskit,Bug Water,269,40,30,32,50,52,65,3.4011973816621555,3.4657359027997265,2
343,284,Masquerain,Bug Flying,454,70,60,62,100,82,80,4.0943445622221,4.127134385045092,1
344,285,Shroomish,Grass ,295,60,40,60,40,60,35,3.6888794541139363,4.0943445622221,1
345,286,Breloom,Grass Fighting,460,60,130,80,60,60,70,4.867534450455582,4.382026634673881,0
346,287,Slakoth,Normal ,280,60,60,60,35,35,30,4.0943445622221,4.0943445622221,1
347,288,Vigoroth,Normal ,440,80,80,80,55,55,90,4.382026634673881,4.382026634673881,0
348,289,Slaking,Normal ,670,150,160,100,95,65,100,5.075173815233827,4.605170185988092,0
349,290,Nincada,Bug Ground,266,31,45,90,30,30,40,3.8066624897703196,4.499809670330265,1
350,291,Ninjask,Bug Flying,456,61,90,45,50,50,160,4.499809670330265,3.8066624897703196,1
351,292,Shedinja,Bug Ghost,236,1,90,45,30,30,40,4.499809670330265,3.8066624897703196,1
352,293,Whismur,Normal ,240,64,51,23,51,23,28,3.9318256327243257,3.1354942159291497,2
353,294,Loudred,Normal ,360,84,71,43,71,43,48,4.2626798770413155,3.7612001156935624,1
354,295,Exploud,Normal ,490,104,91,63,91,73,68,4.51085950651685,4.143134726391533,0
355,296,Makuhita,Fighting ,237,72,60,30,20,30,25,4.0943445622221,3.4011973816621555,1
356,297,Hariyama,Fighting ,474,144,120,60,40,60,50,4.787491742782046,4.0943445622221,0
357,298,Azurill,Normal Fairy,190,50,20,40,20,40,20,2.995732273553991,3.6888794541139363,2
358,299,Nosepass,Rock ,375,30,45,135,45,90,30,3.8066624897703196,4.90527477843843,0
359,300,Skitty,Normal ,260,50,45,45,35,35,50,3.8066624897703196,3.8066624897703196,1
360,301,Delcatty,Normal ,400,70,65,65,55,55,90,4.174387269895637,4.174387269895637,1
361,302,Sableye,Dark Ghost,380,50,75,75,65,65,50,4.31748811353631,4.31748811353631,0
362,302,Sableye Mega Sableye,Dark Ghost,480,50,85,125,85,115,20,4.442651256490317,4.8283137373023015,0
363,303,Mawile,Steel Fairy,380,50,85,85,55,55,50,4.442651256490317,4.442651256490317,0
364,303,Mawile Mega Mawile,Steel Fairy,480,50,105,125,55,95,50,4.653960350157523,4.8283137373023015,0
365,304,Aron,Steel Rock,330,50,70,100,40,40,30,4.248495242049359,4.605170185988092,0
366,305,Lairon,Steel Rock,430,60,90,140,50,50,40,4.499809670330265,4.941642422609304,0
367,306,Aggron,Steel Rock,530,70,110,180,60,60,50,4.700480365792417,5.19295685089021,0
368,306,Aggron Mega Aggron,Steel ,630,70,140,230,60,80,50,4.941642422609304,5.438079308923196,0
369,307,Meditite,Fighting Psychic,280,30,40,55,40,55,60,3.6888794541139363,4.007333185232471,1
370,308,Medicham,Fighting Psychic,410,60,60,75,60,75,80,4.0943445622221,4.31748811353631,1
371,308,Medicham Mega Medicham,Fighting Psychic,510,60,100,85,80,85,100,4.605170185988092,4.442651256490317,0
372,309,Electrike,Electric ,295,40,45,40,65,40,65,3.8066624897703196,3.6888794541139363,1
373,310,Manectric,Electric ,475,70,75,60,105,60,105,4.31748811353631,4.0943445622221,1
374,310,Manectric Mega Manectric,Electric ,575,70,75,80,135,80,135,4.31748811353631,4.382026634673881,0
375,311,Plusle,Electric ,405,60,50,40,85,75,95,3.912023005428146,3.6888794541139363,1
376,312,Minun,Electric ,405,60,40,50,75,85,95,3.6888794541139363,3.912023005428146,1
377,313,Volbeat,Bug ,430,65,73,75,47,85,85,4.290459441148391,4.31748811353631,0
378,314,Illumise,Bug ,430,65,47,75,73,85,85,3.8501476017100584,4.31748811353631,1
379,315,Roselia,Grass Poison,400,50,60,45,100,80,65,4.0943445622221,3.8066624897703196,1
380,316,Gulpin,Poison ,302,70,43,53,43,53,40,3.7612001156935624,3.970291913552122,1
381,317,Swalot,Poison ,467,100,73,83,73,83,55,4.290459441148391,4.418840607796598,0
382,318,Carvanha,Water Dark,305,45,90,20,65,20,65,4.499809670330265,2.995732273553991,1
383,319,Sharpedo,Water Dark,460,70,120,40,95,40,95,4.787491742782046,3.6888794541139363,1
384,319,Sharpedo Mega Sharpedo,Water Dark,560,70,140,70,110,65,105,4.941642422609304,4.248495242049359,0
385,320,Wailmer,Water ,400,130,70,35,70,35,60,4.248495242049359,3.5553480614894135,1
386,321,Wailord,Water ,500,170,90,45,90,45,60,4.499809670330265,3.8066624897703196,1
387,322,Numel,Fire Ground,305,60,60,40,65,45,35,4.0943445622221,3.6888794541139363,1
388,323,Camerupt,Fire Ground,460,70,100,70,105,75,40,4.605170185988092,4.248495242049359,0
389,323,Camerupt Mega Camerupt,Fire Ground,560,70,120,100,145,105,20,4.787491742782046,4.605170185988092,0
390,324,Torkoal,Fire ,470,70,85,140,85,70,20,4.442651256490317,4.941642422609304,0
391,325,Spoink,Psychic ,330,60,25,35,70,80,60,3.2188758248682006,3.5553480614894135,2
392,326,Grumpig,Psychic ,470,80,45,65,90,110,80,3.8066624897703196,4.174387269895637,1
393,327,Spinda,Normal ,360,60,60,60,60,60,60,4.0943445622221,4.0943445622221,1
394,328,Trapinch,Ground ,290,45,100,45,45,45,10,4.605170185988092,3.8066624897703196,1
395,329,Vibrava,Ground Dragon,340,50,70,50,50,50,70,4.248495242049359,3.912023005428146,1
396,330,Flygon,Ground Dragon,520,80,100,80,80,80,100,4.605170185988092,4.382026634673881,0
397,331,Cacnea,Grass ,335,50,85,40,85,40,35,4.442651256490317,3.6888794541139363,1
398,332,Cacturne,Grass Dark,475,70,115,60,115,60,55,4.74493212836325,4.0943445622221,0
399,333,Swablu,Normal Flying,310,45,40,60,40,75,50,3.6888794541139363,4.0943445622221,1
400,334,Altaria,Dragon Flying,490,75,70,90,70,105,80,4.248495242049359,4.499809670330265,0
401,334,Altaria Mega Altaria,Dragon Fairy,590,75,110,110,110,105,80,4.700480365792417,4.700480365792417,0
402,335,Zangoose,Normal ,458,73,115,60,60,60,90,4.74493212836325,4.0943445622221,0
403,336,Seviper,Poison ,458,73,100,60,100,60,65,4.605170185988092,4.0943445622221,0
404,337,Lunatone,Rock Psychic,460,90,55,65,95,85,70,4.007333185232471,4.174387269895637,1
405,338,Solrock,Rock Psychic,460,90,95,85,55,65,70,4.553876891600541,4.442651256490317,0
406,339,Barboach,Water Ground,288,50,48,43,46,41,60,3.871201010907891,3.7612001156935624,1
407,340,Whiscash,Water Ground,468,110,78,73,76,71,60,4.356708826689592,4.290459441148391,0
408,341,Corphish,Water ,308,43,80,65,50,35,35,4.382026634673881,4.174387269895637,1
409,342,Crawdaunt,Water Dark,468,63,120,85,90,55,55,4.787491742782046,4.442651256490317,0
410,343,Baltoy,Ground Psychic,300,40,40,55,40,70,55,3.6888794541139363,4.007333185232471,1
411,344,Claydol,Ground Psychic,500,60,70,105,70,120,75,4.248495242049359,4.653960350157523,0
412,345,Lileep,Rock Grass,355,66,41,77,61,87,23,3.713572066704308,4.343805421853684,1
413,346,Cradily,Rock Grass,495,86,81,97,81,107,43,4.394449154672439,4.574710978503383,0
414,347,Anorith,Rock Bug,355,45,95,50,40,50,75,4.553876891600541,3.912023005428146,1
415,348,Armaldo,Rock Bug,495,75,125,100,70,80,45,4.8283137373023015,4.605170185988092,0
416,349,Feebas,Water ,200,20,15,20,10,55,80,2.70805020110221,2.995732273553991,2
417,350,Milotic,Water ,540,95,60,79,100,125,81,4.0943445622221,4.3694478524670215,1
418,351,Castform,Normal ,420,70,70,70,70,70,70,4.248495242049359,4.248495242049359,1
419,351,Castform Sunny Form,Fire ,420,70,70,70,70,70,70,4.248495242049359,4.248495242049359,1
420,351,Castform Rainy Form,Water ,420,70,70,70,70,70,70,4.248495242049359,4.248495242049359,1
421,351,Castform Snowy Form,Ice ,420,70,70,70,70,70,70,4.248495242049359,4.248495242049359,1
422,352,Kecleon,Normal ,440,60,90,70,60,120,40,4.499809670330265,4.248495242049359,0
423,353,Shuppet,Ghost ,295,44,75,35,63,33,45,4.31748811353631,3.5553480614894135,1
424,354,Banette,Ghost ,455,64,115,65,83,63,65,4.74493212836325,4.174387269895637,0
425,354,Banette Mega Banette,Ghost ,555,64,165,75,93,83,75,5.10594547390058,4.31748811353631,0
426,355,Duskull,Ghost ,295,20,40,90,30,90,25,3.6888794541139363,4.499809670330265,1
427,356,Dusclops,Ghost ,455,40,70,130,60,130,25,4.248495242049359,4.867534450455582,0
428,357,Tropius,Grass Flying,460,99,68,83,72,87,51,4.219507705176107,4.418840607796598,0
429,358,Chimecho,Psychic ,455,75,50,80,95,90,65,3.912023005428146,4.382026634673881,1
430,359,Absol,Dark ,465,65,130,60,75,60,75,4.867534450455582,4.0943445622221,0
431,359,Absol Mega Absol,Dark ,565,65,150,60,115,60,115,5.0106352940962555,4.0943445622221,0
432,360,Wynaut,Psychic ,260,95,23,48,23,48,23,3.1354942159291497,3.871201010907891,2
433,361,Snorunt,Ice ,300,50,50,50,50,50,50,3.912023005428146,3.912023005428146,1
434,362,Glalie,Ice ,480,80,80,80,80,80,80,4.382026634673881,4.382026634673881,0
435,362,Glalie Mega Glalie,Ice ,580,80,120,80,120,80,100,4.787491742782046,4.382026634673881,0
436,363,Spheal,Ice Water,290,70,40,50,55,50,25,3.6888794541139363,3.912023005428146,1
437,364,Sealeo,Ice Water,410,90,60,70,75,70,45,4.0943445622221,4.248495242049359,1
438,365,Walrein,Ice Water,530,110,80,90,95,90,65,4.382026634673881,4.499809670330265,0
439,366,Clamperl,Water ,345,35,64,85,74,55,32,4.1588830833596715,4.442651256490317,0
440,367,Huntail,Water ,485,55,104,105,94,75,52,4.6443908991413725,4.653960350157523,0
441,368,Gorebyss,Water ,485,55,84,105,114,75,52,4.430816798843313,4.653960350157523,0
442,369,Relicanth,Water Rock,485,100,90,130,45,65,55,4.499809670330265,4.867534450455582,0
443,370,Luvdisc,Water ,330,43,30,55,40,65,97,3.4011973816621555,4.007333185232471,2
444,371,Bagon,Dragon ,300,45,75,60,40,30,50,4.31748811353631,4.0943445622221,1
445,372,Shelgon,Dragon ,420,65,95,100,60,50,50,4.553876891600541,4.605170185988092,0
446,373,Salamence,Dragon Flying,600,95,135,80,110,80,100,4.90527477843843,4.382026634673881,0
447,373,Salamence Mega Salamence,Dragon Flying,700,95,145,130,120,90,120,4.976733742420574,4.867534450455582,0
448,374,Beldum,Steel Psychic,300,40,55,80,35,60,30,4.007333185232471,4.382026634673881,1
449,375,Metang,Steel Psychic,420,60,75,100,55,80,50,4.31748811353631,4.605170185988092,0
450,376,Metagross,Steel Psychic,600,80,135,130,95,90,70,4.90527477843843,4.867534450455582,0
451,376,Metagross Mega Metagross,Steel Psychic,700,80,145,150,105,110,110,4.976733742420574,5.0106352940962555,0
452,377,Regirock,Rock ,580,80,100,200,50,100,50,4.605170185988092,5.298317366548036,0
453,378,Regice,Ice ,580,80,50,100,100,200,50,3.912023005428146,4.605170185988092,0
454,379,Registeel,Steel ,580,80,75,150,75,150,50,4.31748811353631,5.0106352940962555,0
455,380,Latias,Dragon Psychic,600,80,80,90,110,130,110,4.382026634673881,4.499809670330265,0
456,380,Latias Mega Latias,Dragon Psychic,700,80,100,120,140,150,110,4.605170185988092,4.787491742782046,0
457,381,Latios,Dragon Psychic,600,80,90,80,130,110,110,4.499809670330265,4.382026634673881,0
458,381,Latios Mega Latios,Dragon Psychic,700,80,130,100,160,120,110,4.867534450455582,4.605170185988092,0
459,382,Kyogre,Water ,670,100,100,90,150,140,90,4.605170185988092,4.499809670330265,0
460,382,Kyogre Primal Kyogre,Water ,770,100,150,90,180,160,90,5.0106352940962555,4.499809670330265,0
461,383,Groudon,Ground ,670,100,150,140,100,90,90,5.0106352940962555,4.941642422609304,0
462,383,Groudon Primal Groudon,Ground Fire,770,100,180,160,150,90,90,5.19295685089021,5.075173815233827,0
463,384,Rayquaza,Dragon Flying,680,105,150,90,150,90,95,5.0106352940962555,4.499809670330265,0
464,384,Rayquaza Mega Rayquaza,Dragon Flying,780,105,180,100,180,100,115,5.19295685089021,4.605170185988092,0
465,385,Jirachi,Steel Psychic,600,100,100,100,100,100,100,4.605170185988092,4.605170185988092,0
466,386,Deoxys Normal Forme,Psychic ,600,50,150,50,150,50,150,5.0106352940962555,3.912023005428146,0
467,386,Deoxys Attack Forme,Psychic ,600,50,180,20,180,20,150,5.19295685089021,2.995732273553991,1
468,386,Deoxys Defense Forme,Psychic ,600,50,70,160,70,160,90,4.248495242049359,5.075173815233827,0
469,386,Deoxys Speed Forme,Psychic ,600,50,95,90,95,90,180,4.553876891600541,4.499809670330265,0
470,387,Turtwig,Grass ,318,55,68,64,45,55,31,4.219507705176107,4.1588830833596715,1
471,388,Grotle,Grass ,405,75,89,85,55,65,36,4.48863636973214,4.442651256490317,0
472,389,Torterra,Grass Ground,525,95,109,105,75,85,56,4.6913478822291435,4.653960350157523,0
473,390,Chimchar,Fire ,309,44,58,44,58,44,61,4.060443010546419,3.784189633918261,1
474,391,Monferno,Fire Fighting,405,64,78,52,78,52,81,4.356708826689592,3.9512437185814275,1
475,392,Infernape,Fire Fighting,534,76,104,71,104,71,108,4.6443908991413725,4.2626798770413155,0
476,393,Piplup,Water ,314,53,51,53,61,56,40,3.9318256327243257,3.970291913552122,1
477,394,Prinplup,Water ,405,64,66,68,81,76,50,4.189654742026425,4.219507705176107,1
478,395,Empoleon,Water Steel,530,84,86,88,111,101,60,4.454347296253507,4.477336814478207,0
479,396,Starly,Normal Flying,245,40,55,30,30,30,60,4.007333185232471,3.4011973816621555,1
480,397,Staravia,Normal Flying,340,55,75,50,40,40,80,4.31748811353631,3.912023005428146,1
481,398,Staraptor,Normal Flying,485,85,120,70,50,60,100,4.787491742782046,4.248495242049359,0
482,399,Bidoof,Normal ,250,59,45,40,35,40,31,3.8066624897703196,3.6888794541139363,1
483,400,Bibarel,Normal Water,410,79,85,60,55,60,71,4.442651256490317,4.0943445622221,1
484,401,Kricketot,Bug ,194,37,25,41,25,41,25,3.2188758248682006,3.713572066704308,2
485,402,Kricketune,Bug ,384,77,85,51,55,51,65,4.442651256490317,3.9318256327243257,1
486,403,Shinx,Electric ,263,45,65,34,40,34,45,4.174387269895637,3.5263605246161616,1
487,404,Luxio,Electric ,363,60,85,49,60,49,60,4.442651256490317,3.8918202981106265,1
488,405,Luxray,Electric ,523,80,120,79,95,79,70,4.787491742782046,4.3694478524670215,0
489,406,Budew,Grass Poison,280,40,30,35,50,70,55,3.4011973816621555,3.5553480614894135,2
490,407,Roserade,Grass Poison,515,60,70,65,125,105,90,4.248495242049359,4.174387269895637,1
491,408,Cranidos,Rock ,350,67,125,40,30,30,58,4.8283137373023015,3.6888794541139363,1
492,409,Rampardos,Rock ,495,97,165,60,65,50,58,5.10594547390058,4.0943445622221,0
493,410,Shieldon,Rock Steel,350,30,42,118,42,88,30,3.7376696182833684,4.770684624465665,0
494,411,Bastiodon,Rock Steel,495,60,52,168,47,138,30,3.9512437185814275,5.123963979403259,0
495,412,Burmy,Bug ,224,40,29,45,29,45,36,3.367295829986474,3.8066624897703196,2
496,413,Wormadam Plant Cloak,Bug Grass,424,60,59,85,79,105,36,4.07753744390572,4.442651256490317,1
497,413,Wormadam Sandy Cloak,Bug Ground,424,60,79,105,59,85,36,4.3694478524670215,4.653960350157523,0
498,413,Wormadam Trash Cloak,Bug Steel,424,60,69,95,69,95,36,4.23410650459726,4.553876891600541,0
499,414,Mothim,Bug Flying,424,70,94,50,94,50,66,4.543294782270004,3.912023005428146,1
500,415,Combee,Bug Flying,244,30,30,42,30,42,70,3.4011973816621555,3.7376696182833684,2
501,416,Vespiquen,Bug Flying,474,70,80,102,80,102,40,4.382026634673881,4.624972813284271,0
502,417,Pachirisu,Electric ,405,60,45,70,45,90,95,3.8066624897703196,4.248495242049359,1
503,418,Buizel,Water ,330,55,65,35,60,30,85,4.174387269895637,3.5553480614894135,1
504,419,Floatzel,Water ,495,85,105,55,85,50,115,4.653960350157523,4.007333185232471,1
505,420,Cherubi,Grass ,275,45,35,45,62,53,35,3.5553480614894135,3.8066624897703196,2
506,421,Cherrim,Grass ,450,70,60,70,87,78,85,4.0943445622221,4.248495242049359,1
507,422,Shellos,Water ,325,76,48,48,57,62,34,3.871201010907891,3.871201010907891,1
508,423,Gastrodon,Water Ground,475,111,83,68,92,82,39,4.418840607796598,4.219507705176107,0
509,424,Ambipom,Normal ,482,75,100,66,60,66,115,4.605170185988092,4.189654742026425,0
510,425,Drifloon,Ghost Flying,348,90,50,34,60,44,70,3.912023005428146,3.5263605246161616,1
511,426,Drifblim,Ghost Flying,498,150,80,44,90,54,80,4.382026634673881,3.784189633918261,1
512,427,Buneary,Normal ,350,55,66,44,44,56,85,4.189654742026425,3.784189633918261,1
513,428,Lopunny,Normal ,480,65,76,84,54,96,105,4.330733340286331,4.430816798843313,0
514,428,Lopunny Mega Lopunny,Normal Fighting,580,65,136,94,54,96,135,4.912654885736052,4.543294782270004,0
515,429,Mismagius,Ghost ,495,60,60,60,105,105,105,4.0943445622221,4.0943445622221,1
516,430,Honchkrow,Dark Flying,505,100,125,52,105,52,71,4.8283137373023015,3.9512437185814275,0
517,431,Glameow,Normal ,310,49,55,42,42,37,85,4.007333185232471,3.7376696182833684,1
518,432,Purugly,Normal ,452,71,82,64,64,59,112,4.406719247264253,4.1588830833596715,1
519,433,Chingling,Psychic ,285,45,30,50,65,50,45,3.4011973816621555,3.912023005428146,2
520,434,Stunky,Poison Dark,329,63,63,47,41,41,74,4.143134726391533,3.8501476017100584,1
521,435,Skuntank,Poison Dark,479,103,93,67,71,61,84,4.532599493153256,4.204692619390966,0
522,436,Bronzor,Steel Psychic,300,57,24,86,24,86,23,3.1780538303479458,4.454347296253507,2
523,437,Bronzong,Steel Psychic,500,67,89,116,79,116,33,4.48863636973214,4.7535901911063645,0
524,438,Bonsly,Rock ,290,50,80,95,10,45,10,4.382026634673881,4.553876891600541,0
525,439,Mime Jr.,Psychic Fairy,310,20,25,45,70,90,60,3.2188758248682006,3.8066624897703196,2
526,440,Happiny,Normal ,220,100,5,5,15,65,30,1.6094379124341003,1.6094379124341003,2
527,441,Chatot,Normal Flying,411,76,65,45,92,42,91,4.174387269895637,3.8066624897703196,1
528,442,Spiritomb,Ghost Dark,485,50,92,108,92,108,35,4.5217885770490405,4.68213122712422,0
529,443,Gible,Dragon Ground,300,58,70,45,40,45,42,4.248495242049359,3.8066624897703196,1
530,444,Gabite,Dragon Ground,410,68,90,65,50,55,82,4.499809670330265,4.174387269895637,0
531,445,Garchomp,Dragon Ground,600,108,130,95,80,85,102,4.867534450455582,4.553876891600541,0
532,445,Garchomp Mega Garchomp,Dragon Ground,700,108,170,115,120,95,92,5.135798437050262,4.74493212836325,0
533,446,Munchlax,Normal ,390,135,85,40,40,85,5,4.442651256490317,3.6888794541139363,1
534,447,Riolu,Fighting ,285,40,70,40,35,40,60,4.248495242049359,3.6888794541139363,1
535,448,Lucario,Fighting Steel,525,70,110,70,115,70,90,4.700480365792417,4.248495242049359,0
536,448,Lucario Mega Lucario,Fighting Steel,625,70,145,88,140,70,112,4.976733742420574,4.477336814478207,0
537,449,Hippopotas,Ground ,330,68,72,78,38,42,32,4.276666119016055,4.356708826689592,0
538,450,Hippowdon,Ground ,525,108,112,118,68,72,47,4.718498871295094,4.770684624465665,0
539,451,Skorupi,Poison Bug,330,40,50,90,30,55,65,3.912023005428146,4.499809670330265,1
540,452,Drapion,Poison Dark,500,70,90,110,60,75,95,4.499809670330265,4.700480365792417,0
541,453,Croagunk,Poison Fighting,300,48,61,40,61,40,50,4.110873864173311,3.6888794541139363,1
542,454,Toxicroak,Poison Fighting,490,83,106,65,86,65,85,4.663439094112067,4.174387269895637,0
543,455,Carnivine,Grass ,454,74,100,72,90,72,46,4.605170185988092,4.276666119016055,0
544,456,Finneon,Water ,330,49,49,56,49,61,66,3.8918202981106265,4.02535169073515,1
545,457,Lumineon,Water ,460,69,69,76,69,86,91,4.23410650459726,4.330733340286331,1
546,458,Mantyke,Water Flying,345,45,20,50,60,120,50,2.995732273553991,3.912023005428146,2
547,459,Snover,Grass Ice,334,60,62,50,62,60,40,4.127134385045092,3.912023005428146,1
548,460,Abomasnow,Grass Ice,494,90,92,75,92,85,60,4.5217885770490405,4.31748811353631,0
549,460,Abomasnow Mega Abomasnow,Grass Ice,594,90,132,105,132,105,30,4.882801922586371,4.653960350157523,0
550,461,Weavile,Dark Ice,510,70,120,65,45,85,125,4.787491742782046,4.174387269895637,0
551,462,Magnezone,Electric Steel,535,70,70,115,130,90,60,4.248495242049359,4.74493212836325,0
552,463,Lickilicky,Normal ,515,110,85,95,80,95,50,4.442651256490317,4.553876891600541,0
553,464,Rhyperior,Ground Rock,535,115,140,130,55,55,40,4.941642422609304,4.867534450455582,0
554,465,Tangrowth,Grass ,535,100,100,125,110,50,50,4.605170185988092,4.8283137373023015,0
555,466,Electivire,Electric ,540,75,123,67,95,85,95,4.812184355372417,4.204692619390966,0
556,467,Magmortar,Fire ,540,75,95,67,125,95,83,4.553876891600541,4.204692619390966,0
557,468,Togekiss,Fairy Flying,545,85,50,95,120,115,80,3.912023005428146,4.553876891600541,1
558,469,Yanmega,Bug Flying,515,86,76,86,116,56,95,4.330733340286331,4.454347296253507,0
559,470,Leafeon,Grass ,525,65,110,130,60,65,95,4.700480365792417,4.867534450455582,0
560,471,Glaceon,Ice ,525,65,60,110,130,95,65,4.0943445622221,4.700480365792417,0
561,472,Gliscor,Ground Flying,510,75,95,125,45,75,95,4.553876891600541,4.8283137373023015,0
562,473,Mamoswine,Ice Ground,530,110,130,80,70,60,80,4.867534450455582,4.382026634673881,0
563,474,Porygon-Z,Normal ,535,85,80,70,135,75,90,4.382026634673881,4.248495242049359,0
564,475,Gallade,Psychic Fighting,518,68,125,65,65,115,80,4.8283137373023015,4.174387269895637,0
565,475,Gallade Mega Gallade,Psychic Fighting,618,68,165,95,65,115,110,5.10594547390058,4.553876891600541,0
566,476,Probopass,Rock Steel,525,60,55,145,75,150,40,4.007333185232471,4.976733742420574,0
567,477,Dusknoir,Ghost ,525,45,100,135,65,135,45,4.605170185988092,4.90527477843843,0
568,478,Froslass,Ice Ghost,480,70,80,70,80,70,110,4.382026634673881,4.248495242049359,0
569,479,Rotom,Electric Ghost,440,50,50,77,95,77,91,3.912023005428146,4.343805421853684,1
570,479,Rotom Heat Rotom,Electric Fire,520,50,65,107,105,107,86,4.174387269895637,4.672828834461906,0
571,479,Rotom Wash Rotom,Electric Water,520,50,65,107,105,107,86,4.174387269895637,4.672828834461906,0
572,479,Rotom Frost Rotom,Electric Ice,520,50,65,107,105,107,86,4.174387269895637,4.672828834461906,0
573,479,Rotom Fan Rotom,Electric Flying,520,50,65,107,105,107,86,4.174387269895637,4.672828834461906,0
574,479,Rotom Mow Rotom,Electric Grass,520,50,65,107,105,107,86,4.174387269895637,4.672828834461906,0
575,480,Uxie,Psychic ,580,75,75,130,75,130,95,4.31748811353631,4.867534450455582,0
576,481,Mesprit,Psychic ,580,80,105,105,105,105,80,4.653960350157523,4.653960350157523,0
577,482,Azelf,Psychic ,580,75,125,70,125,70,115,4.8283137373023015,4.248495242049359,0
578,483,Dialga,Steel Dragon,680,100,120,120,150,100,90,4.787491742782046,4.787491742782046,0
579,484,Palkia,Water Dragon,680,90,120,100,150,120,100,4.787491742782046,4.605170185988092,0
580,485,Heatran,Fire Steel,600,91,90,106,130,106,77,4.499809670330265,4.663439094112067,0
581,486,Regigigas,Normal ,670,110,160,110,80,110,100,5.075173815233827,4.700480365792417,0
582,487,Giratina Altered Forme,Ghost Dragon,680,150,100,120,100,120,90,4.605170185988092,4.787491742782046,0
583,487,Giratina Origin Forme,Ghost Dragon,680,150,120,100,120,100,90,4.787491742782046,4.605170185988092,0
584,488,Cresselia,Psychic ,600,120,70,120,75,130,85,4.248495242049359,4.787491742782046,0
585,489,Phione,Water ,480,80,80,80,80,80,80,4.382026634673881,4.382026634673881,0
586,490,Manaphy,Water ,600,100,100,100,100,100,100,4.605170185988092,4.605170185988092,0
587,491,Darkrai,Dark ,600,70,90,90,135,90,125,4.499809670330265,4.499809670330265,0
588,492,Shaymin Land Forme,Grass ,600,100,100,100,100,100,100,4.605170185988092,4.605170185988092,0
589,492,Shaymin Sky Forme,Grass Flying,600,100,103,75,120,75,127,4.634728988229636,4.31748811353631,0
590,493,Arceus,Normal ,720,120,120,120,120,120,120,4.787491742782046,4.787491742782046,0
591,494,Victini,Psychic Fire,600,100,100,100,100,100,100,4.605170185988092,4.605170185988092,0
592,495,Snivy,Grass ,308,45,45,55,45,55,63,3.8066624897703196,4.007333185232471,1
593,496,Servine,Grass ,413,60,60,75,60,75,83,4.0943445622221,4.31748811353631,1
594,497,Serperior,Grass ,528,75,75,95,75,95,113,4.31748811353631,4.553876891600541,0
595,498,Tepig,Fire ,308,65,63,45,45,45,45,4.143134726391533,3.8066624897703196,1
596,499,Pignite,Fire Fighting,418,90,93,55,70,55,55,4.532599493153256,4.007333185232471,1
597,500,Emboar,Fire Fighting,528,110,123,65,100,65,65,4.812184355372417,4.174387269895637,0
